How do I download a YouTube video?	Download Video	Bir YouTube videosunu nasıl indiririm?
How do I change my password on TV Tropes?	Change Password	TV Tropes'te şifremi nasıl değiştiririm?
Why can't I change my password and login with Skype?	Change Password	Neden parolamı değiştirip Skype ile oturum açamıyorum?
Change subject line in new Gmail compose window	None	Yeni Gmail oluşturma penceresinde konu satırını değiştirin
Email Google Form daily?	None	Google Formu her gün e-posta ile gönderilsin mi?
How can I export track.scrobble data from last.fm?	Export Data	Track.scrobble verilerini last.fm'den nasıl dışa aktarabilirim?
How can I backup my wordpress.com hosted blog?	Export Data	Wordpress.com'da barındırılan blogumu nasıl yedekleyebilirim?
How can I sync my Yahoo! Calendar with Google Calendar?	Sync Accounts	Yahoo! Google Takvim ile Takvim?
Google Bookmarks and Chrome Bookmark Sync -- Different?	Sync Accounts	Google Bookmarks ve Chrome Bookmark Sync - Farklı mı?
How do I sync my RunKeeper workout schedule with Google Calender?	Sync Accounts	RunKeeper antrenman programımı Google Calender ile nasıl senkronize ederim?
Does using Gmail's "Never send it to Spam" filter mean I can't train their spam filter?	Filter Spam	Gmail'in "Asla Spam'a gönderme" filtresini kullanmak onların spam filtresini eğitemeyeceğim anlamına mı geliyor?
Correctly Identifying Spam Messages	Filter Spam	Spam İletilerini Doğru Şekilde Tanımlama
Twitter and Echofon spam	Filter Spam	Twitter ve Echofon spam
Totally Blocking Spam To Gmail Account	Filter Spam	Gmail Hesabına Spam'i Tamamen Engelleme
Discarding spam mail faster in Gmail	Filter Spam	Gmail'de spam postayı daha hızlı silme
Stopping spam emails in Gmail by pattern	Filter Spam	Gmail'de spam e-postaları kalıba göre durdurma
Alternatives for Google Reader (with Android synchronizing)	Find Alternative	Google Reader için alternatifler (Android senkronizasyonu ile)
Bugmenot (registration bypasser) alternative that doesn't suck?	Find Alternative	Bugmenot (kayıt bypasser) alternatifi kötü değil mi?
Alternatives to Twitter	Find Alternative	Twitter Alternatifleri
Google search engine alternatives	Find Alternative	Google arama motoru alternatifleri
Alternatives to Google Groups with more features?	Find Alternative	Daha fazla özelliğe sahip Google Grupları'na alternatifler mi var?
Are there any good Veoh or Youtube alternatives?	Find Alternative	Herhangi bir Veoh veya Youtube alternatifi var mı?
Mint alternatives for Canada	Find Alternative	Kanada için nane alternatifleri
How can I delete my Twitter account?	Delete Account	Twitter hesabımı nasıl silebilirim?
How do I delete my LinkedIn account?	Delete Account	LinkedIn hesabımı nasıl silerim?
How do I delete my Gmail account?	Delete Account	Gmail hesabımı nasıl silerim?
How do I delete my Experts Exchange account?	Delete Account	Experts Exchange hesabımı nasıl silerim?
How do I delete my Ohloh profile?	Delete Account	Ohloh profilimi nasıl silerim?
How can I permanently delete my MySpace account?	Delete Account	MySpace hesabımı kalıcı olarak nasıl silebilirim?
How to disable/delete a Harvest account?	Delete Account	Bir Harvest hesabı nasıl devre dışı bırakılır / silinir?